{
  "stores": [
    {
      "id": 1,
      "name": "Caffeine BGC",
      "address": "26th Street corner 7th Avenue, BGC, Taguig City",
      "hours": "9:00 AM - 10:00 PM",
      "phone": "(+63) 9812547745"
    },
    {
      "id": 2,
      "name": "Caffeine Makati",
      "address": "Ayala Avenue, Makati City",
      "hours": "9:00 AM - 9:00 PM",
      "phone": "(+63) 9612555431"
    },
    {
      "id": 3,
      "name": "Caffeine Muntinlupa City",
      "address": "Festival Mall Alabang, Muntinlupa City",
      "hours": "10:30 AM - 9:00 PM",
      "phone": "(+63) 9124449224"
    }
  ]
}
