<?xml version="1.0" encoding="UTF-8"?>
<locations>
    <store>
        <id>1</id>
        <n>Caffeine BGC</n>
        <address>26th Street corner 7th Avenue, BGC, Taguig City</address>
        <hours>9:00 AM - 10:00 PM</hours>
        <phone>(+63) 9812547745</phone>
    </store>
    <store>
        <id>2</id>
        <n>Caffeine Makati</n>
        <address>Ayala Avenue, Makati City</address>
        <hours>9:00 AM - 9:00 PM</hours>
        <phone>(+63) 9612555431</phone>
    </store>
    <store>
        <id>3</id>
        <n>Caffeine Muntinlupa City</n>
        <address>Festival Mall Alabang, Muntinlupa City</address>
        <hours>10:30 AM - 9:00 PM</hours>
        <phone>(+63) 9124449224</phone>
    </store>
</locations>
